request_id,request_time,saler_id,total_fee,response_id,response_time,response_code,response_msg,
20190909190253193578,2019-09-10 03:02:53,saler6,26.0,20190909190254775428,2019-09-10 03:02:54,SUCCESS,OK,
20190909190253239476,2019-09-10 03:02:53,saler5,31.0,20190909190254775947,2019-09-10 03:02:54,SUCCESS,OK,
20190909190253442613,2019-09-10 03:02:53,saler20,3.0,20190909190254527498,2019-09-10 03:02:54,SUCCESS,OK,
20190909190253458774,2019-09-10 03:02:53,saler18,80.0,20190909190254457875,2019-09-10 03:02:54,SUCCESS,OK,
20190909190253604528,2019-09-10 03:02:53,saler14,61.0,20190909190254904406,2019-09-10 03:02:54,SUCCESS,OK,
20190909190253651321,2019-09-10 03:02:53,saler7,76.0,20190909190254104627,2019-09-10 03:02:54,SUCCESS,OK,
20190909190253667276,2019-09-10 03:02:53,saler21,57.0,20190909190254768088,2019-09-10 03:02:54,SUCCESS,OK,
20190909190253790060,2019-09-10 03:02:53,saler11,65.0,20190909190254647569,2019-09-10 03:02:54,SUCCESS,OK,
20190909190253862808,2019-09-10 03:02:53,saler16,84.0,20190909190254323528,2019-09-10 03:02:54,SUCCESS,OK,
20190909190253886653,2019-09-10 03:02:53,saler8,24.0,20190909190254112638,2019-09-10 03:02:54,SUCCESS,OK,
20190909190254138449,2019-09-10 03:02:54,saler13,54.0,20190909190254251340,2019-09-10 03:02:54,SUCCESS,OK,
20190909190254210608,2019-09-10 03:02:54,saler1,73.0,20190909190254472460,2019-09-10 03:02:54,SUCCESS,OK,
20190909190254241546,2019-09-10 03:02:54,saler19,90.0,20190909190254885529,2019-09-10 03:02:54,SUCCESS,OK,
20190909190254252688,2019-09-10 03:02:54,saler4,33.0,20190909190254230654,2019-09-10 03:02:54,SUCCESS,OK,
20190909190254298684,2019-09-10 03:02:54,saler17,69.0,20190909190254977935,2019-09-10 03:02:54,SUCCESS,OK,
20190909190254313356,2019-09-10 03:02:54,saler15,95.0,20190909190254184777,2019-09-10 03:02:54,SUCCESS,OK,
20190909190254328074,2019-09-10 03:02:54,saler3,68.0,20190909190254236142,2019-09-10 03:02:54,SUCCESS,OK,
20190909190254404084,2019-09-10 03:02:54,saler2,52.0,20190909190254410513,2019-09-10 03:02:54,SUCCESS,OK,
20190909190254851628,2019-09-10 03:02:54,saler12,10.0,20190909190254506372,2019-09-10 03:02:54,SUCCESS,OK,
20190909190254887086,2019-09-10 03:02:54,saler10,71.0,20190909190254359875,2019-09-10 03:02:54,SUCCESS,OK,
20190909190254983220,2019-09-10 03:02:54,saler9,3.0,20190909190254954206,2019-09-10 03:02:54,SUCCESS,OK,
20190909190312129551,2019-09-10 03:03:12,saler11,93.0,20190909190312426341,2019-09-10 03:03:12,SUCCESS,OK,
20190909190312223863,2019-09-10 03:03:12,saler15,5.0,20190909190312870176,2019-09-10 03:03:12,SUCCESS,OK,
20190909190312266553,2019-09-10 03:03:12,saler17,75.0,20190909190312474786,2019-09-10 03:03:12,SUCCESS,OK,
20190909190312335686,2019-09-10 03:03:12,saler2,34.0,20190909190312434602,2019-09-10 03:03:12,SUCCESS,OK,
20190909190312394779,2019-09-10 03:03:12,saler13,10.0,20190909190312528793,2019-09-10 03:03:12,SUCCESS,OK,
20190909190312447403,2019-09-10 03:03:12,saler19,71.0,20190909190312491511,2019-09-10 03:03:12,SUCCESS,OK,
20190909190312534355,2019-09-10 03:03:12,saler12,69.0,20190909190312338268,2019-09-10 03:03:12,SUCCESS,OK,
20190909190312550131,2019-09-10 03:03:12,saler14,32.0,20190909190312620661,2019-09-10 03:03:12,SUCCESS,OK,
20190909190312573690,2019-09-10 03:03:12,saler6,29.0,20190909190312315018,2019-09-10 03:03:12,SUCCESS,OK,
20190909190312612118,2019-09-10 03:03:12,saler4,92.0,20190909190312572293,2019-09-10 03:03:12,SUCCESS,OK,
20190909190312652824,2019-09-10 03:03:12,saler16,88.0,20190909190312777960,2019-09-10 03:03:12,SUCCESS,OK,
20190909190312659571,2019-09-10 03:03:12,saler20,91.0,20190909190312607804,2019-09-10 03:03:12,SUCCESS,OK,
20190909190312661466,2019-09-10 03:03:12,saler8,49.0,20190909190312614817,2019-09-10 03:03:12,SUCCESS,OK,
20190909190312674410,2019-09-10 03:03:12,saler7,8.0,20190909190312300702,2019-09-10 03:03:12,SUCCESS,OK,
20190909190312680550,2019-09-10 03:03:12,saler10,88.0,20190909190312626108,2019-09-10 03:03:12,SUCCESS,OK,
20190909190312741738,2019-09-10 03:03:12,saler1,72.0,20190909190312954430,2019-09-10 03:03:12,SUCCESS,OK,
20190909190312770228,2019-09-10 03:03:12,saler5,2.0,20190909190312809405,2019-09-10 03:03:12,SUCCESS,OK,
20190909190312798686,2019-09-10 03:03:12,saler18,92.0,20190909190312749216,2019-09-10 03:03:12,SUCCESS,OK,
20190909190312862597,2019-09-10 03:03:12,saler3,49.0,20190909190312924068,2019-09-10 03:03:12,SUCCESS,OK,
20190909190312912864,2019-09-10 03:03:12,saler9,35.0,20190909190312571741,2019-09-10 03:03:12,SUCCESS,OK,
20190909190312945346,2019-09-10 03:03:12,saler21,73.0,20190909190312745786,2019-09-10 03:03:12,SUCCESS,OK,
20190909190415124350,2019-09-10 03:04:15,saler20,1.0,20190909190415480731,2019-09-10 03:04:15,SUCCESS,OK,
20190909190415139386,2019-09-10 03:04:15,saler21,62.0,20190909190415983736,2019-09-10 03:04:15,SUCCESS,OK,
20190909190415146289,2019-09-10 03:04:15,saler9,90.0,20190909190415578388,2019-09-10 03:04:15,SUCCESS,OK,
20190909190415146425,2019-09-10 03:04:15,saler18,90.0,20190909190415600269,2019-09-10 03:04:15,SUCCESS,OK,
20190909190415174167,2019-09-10 03:04:15,saler10,45.0,20190909190415673699,2019-09-10 03:04:15,SUCCESS,OK,
20190909190415176082,2019-09-10 03:04:15,saler3,67.0,20190909190415381503,2019-09-10 03:04:15,SUCCESS,OK,
20190909190415195650,2019-09-10 03:04:15,saler6,8.0,20190909190415379212,2019-09-10 03:04:15,SUCCESS,OK,
20190909190415296309,2019-09-10 03:04:15,saler19,49.0,20190909190415559229,2019-09-10 03:04:15,SUCCESS,OK,
20190909190415346695,2019-09-10 03:04:15,saler8,9.0,20190909190415833586,2019-09-10 03:04:15,SUCCESS,OK,
20190909190415377152,2019-09-10 03:04:15,saler17,44.0,20190909190415672101,2019-09-10 03:04:15,SUCCESS,OK,
20190909190415456278,2019-09-10 03:04:15,saler11,84.0,20190909190415351692,2019-09-10 03:04:15,SUCCESS,OK,
20190909190415531296,2019-09-10 03:04:15,saler12,52.0,20190909190415328297,2019-09-10 03:04:15,SUCCESS,OK,
20190909190415533287,2019-09-10 03:04:15,saler16,99.0,20190909190415128088,2019-09-10 03:04:15,SUCCESS,OK,
20190909190415576503,2019-09-10 03:04:15,saler13,40.0,20190909190415522096,2019-09-10 03:04:15,SUCCESS,OK,
20190909190415630438,2019-09-10 03:04:15,saler14,9.0,20190909190415635014,2019-09-10 03:04:15,SUCCESS,OK,
20190909190415714212,2019-09-10 03:04:15,saler7,63.0,20190909190415581328,2019-09-10 03:04:15,SUCCESS,OK,
20190909190415796845,2019-09-10 03:04:15,saler2,43.0,20190909190415947804,2019-09-10 03:04:15,SUCCESS,OK,
20190909190415816067,2019-09-10 03:04:15,saler4,17.0,20190909190415691586,2019-09-10 03:04:15,SUCCESS,OK,
20190909190415843167,2019-09-10 03:04:15,saler1,82.0,20190909190415379901,2019-09-10 03:04:15,SUCCESS,OK,
20190909190415936120,2019-09-10 03:04:15,saler15,67.0,20190909190415397625,2019-09-10 03:04:15,SUCCESS,OK,
20190909190415944557,2019-09-10 03:04:15,saler5,70.0,20190909190415547528,2019-09-10 03:04:15,SUCCESS,OK,
request_id,request_time,saler_id,withdraw_money,response_id,response_time,response_code,response_msg,
20190909190307220810,2019-09-10 03:03:07,saler5,28.0,20190909190308952575,2019-09-10 03:03:08,SUCCESS,OK,
20190909190307435905,2019-09-10 03:03:07,saler21,36.0,20190909190308545625,2019-09-10 03:03:08,SUCCESS,OK,
20190909190307533277,2019-09-10 03:03:07,saler8,8.0,20190909190307912713,2019-09-10 03:03:07,SUCCESS,OK,
20190909190307666422,2019-09-10 03:03:07,saler15,38.0,20190909190307269922,2019-09-10 03:03:07,SUCCESS,OK,
20190909190307779130,2019-09-10 03:03:07,saler10,26.0,20190909190307430062,2019-09-10 03:03:07,SUCCESS,OK,
20190909190307917085,2019-09-10 03:03:07,saler18,73.0,20190909190307233536,2019-09-10 03:03:07,SUCCESS,OK,
20190909190308131937,2019-09-10 03:03:08,saler19,82.0,20190909190308760919,2019-09-10 03:03:08,SUCCESS,OK,
20190909190308166372,2019-09-10 03:03:08,saler17,27.0,20190909190308153857,2019-09-10 03:03:08,SUCCESS,OK,
20190909190315227593,2019-09-10 03:03:15,saler15,17.0,20190909190315682283,2019-09-10 03:03:15,SUCCESS,OK,
20190909190315240570,2019-09-10 03:03:15,saler2,17.0,20190909190315976149,2019-09-10 03:03:15,SUCCESS,OK,
20190909190315466434,2019-09-10 03:03:15,saler11,47.0,20190909190315996206,2019-09-10 03:03:15,SUCCESS,OK,
20190909190315584933,2019-09-10 03:03:15,saler6,13.0,20190909190315845978,2019-09-10 03:03:15,SUCCESS,OK,
20190909190315667534,2019-09-10 03:03:15,saler10,44.0,20190909190315517620,2019-09-10 03:03:15,SUCCESS,OK,
20190909190315780580,2019-09-10 03:03:15,saler7,58.0,20190909190315778916,2019-09-10 03:03:15,SUCCESS,OK,
20190909190315781719,2019-09-10 03:03:15,saler13,30.0,20190909190315131800,2019-09-10 03:03:15,SUCCESS,OK,
20190909190315782861,2019-09-10 03:03:15,saler14,56.0,20190909190315701209,2019-09-10 03:03:15,SUCCESS,OK,
20190909190315970427,2019-09-10 03:03:15,saler16,63.0,20190909190315201929,2019-09-10 03:03:15,SUCCESS,OK,
